Set,Acc,Loss
datathesesres300,0.14180602006688964,0.54978675
datathesesres48,0.22040133779264215,0.51238734
