Set,Acc,Loss
datathesescolor1,0.10566666666666667,0.8013596
datathesescolor2,0.126,0.78642625
