Set	Acc	Loss	value
datathesesnodesize6	0.2	0.50882757	6
datathesesnodesize8	0.2494983278	0.48044172	8
base	0.2370264474	0.48463976	10
datathesesnodesize12	0.2576666667	0.40630823	12
datathesesnodesize14	0.2384615385	0.49421206	14
