Set	Acc	Loss	value
datathesessize500	0.2290102389	0.48415715	500
datathesessize750	0.2439189189	0.4849149	750
base	0.2370264474	0.48463976	1000
datathesessize1200	0.2491638796	0.48033407	1200
datathesessize1500	0.2404040404	0.48430702	1500
